url,label
http://bit.ly/hggdbbc,phishing
http://paypal.login.suspended.tk/verify/update.php,phishing
https://www.apple.com/news/2024/world,legitimate
http://fedex-signin.net/billing?cmd=_signin&id=1245,phishing
http://tinyurl.com/ea3aadc,phishing
https://www.adobe.com/user/profile,legitimate
https://www.adobe.com/,legitimate
http://bank10-update-secure.xyz@dhl.com/webscr,phishing
https://www.spotify.com,legitimate
https://www.cnn.com/contact,legitimate
https://www.spotify.com,legitimate
http://coinbase6-secure-limited.com@apple.com/suspended,phishing
http://microsoft-secure.xyz/signin?cmd=_confirm&id=2966,phishing
https://www.wikipedia.org/docs/getting-started,legitimate
http://www.oracle.com/search?q=python,legitimate
http://microsoft25-signin-confirm.com@coinbase.com/confirm,phishing
https://www.khanacademy.org/docs/getting-started,legitimate
http://ow.ly/dabg59b,phishing
http://82.87.109.67/paypal/signin.html,phishing
https://www.amazon.com/login,legitimate
http://bank.suspended.confirm.tk/update/confirm.php,phishing
https://www.medium.com/products,legitimate
http://facebook-unlock.info/webscr?cmd=_verify&id=1231,phishing
http://netflix-suspended.net/webscr?cmd=_verify&id=2043,phishing
http://fedex.suspended.secure.xyz/billing/login.php,phishing
http://164.248.252.223/fedex/limited.html,phishing
http://coinbase56-limited-billing.xyz@bank.com/limited,phishing
https://www.oracle.com/news/2024/world,legitimate
https://www.reddit.com/news/2024/world,legitimate
https://www.github.com/,legitimate
https://www.amazon.com,legitimate
http://tinyurl.com/ac9dge5,phishing
http://microsoft.billing.verify.xyz/update/signin.php,phishing
http://fedex.login.unlock.xyz/update/confirm.php,phishing
http://coinbase91-unlock-signin.info@whatsapp.com/secure,phishing
http://netflix61-account-unlock.com@paypal.com/confirm,phishing
http://paypal82-signin-webscr.info@dhl.com/unlock,phishing
https://www.netflix.com/login,legitimate
http://coinbase.confirm.verify.tk/unlock/signin.php,phishing
https://www.bbc.co.uk/blog/post-1,legitimate
http://rb.gy/aa3h8jg,phishing
https://www.spotify.com/login,legitimate
http://50.82.183.77/amazon/unlock.html,phishing
http://facebook.limited.update.xyz/account/billing.php,phishing
http://www.netflix.com/user/profile,legitimate
http://bit.ly/7baeh8b,phishing
http://whatsapp.billing.limited.com/login/login.php,phishing
http://facebook.billing.verify.tk/unlock/signin.php,phishing
http://microsoft54-confirm-secure.xyz@coinbase.com/update,phishing
https://www.khanacademy.org/news/2024/world,legitimate
http://apple.signin.limited.com/limited/confirm.php,phishing
https://www.bbc.co.uk/news/2024/world,legitimate
http://coinbase85-account-limited.xyz@paypal.com/confirm,phishing
https://www.amazon.com/contact,legitimate
https://www.google.com/contact,legitimate
http://137.22.139.142/instagram/confirm.html,phishing
https://www.spotify.com/user/profile,legitimate
https://www.cloudflare.com/news/2024/world,legitimate
https://www.google.com/products,legitimate
https://www.nytimes.com/help/faq,legitimate
http://microsoft.limited.limited.xyz/webscr/login.php,phishing
http://48.108.9.82/paypal/confirm.html,phishing
http://netflix49-limited-suspended.info@dhl.com/webscr,phishing
http://34.155.210.162/dhl/login.html,phishing
https://www.reddit.com/contact,legitimate
http://www.oracle.com/contact,legitimate
http://ow.ly/4133cf1,phishing
https://www.medium.com/login,legitimate
http://www.python.org/user/profile,legitimate
http://bit.ly/bi7gfg6,phishing
https://www.python.org/products,legitimate
https://www.cloudflare.com/user/profile,legitimate
http://tinyurl.com/dc57d01,phishing
https://www.cnn.com/news/2024/world,legitimate
http://netflix58-suspended-suspended.com@paypal.com/signin,phishing
http://microsoft-account.xyz/billing?cmd=_suspended&id=5227,phishing
http://tinyurl.com/i354a93,phishing
http://www.oracle.com/user/profile,legitimate
http://bank-billing.info/suspended?cmd=_signin&id=5337,phishing
https://www.github.com/search?q=python,legitimate
http://paypal.signin.confirm.tk/signin/account.php,phishing
https://www.github.com/docs/getting-started,legitimate
https://www.amazon.com/blog/post-1,legitimate
http://facebook-confirm.com/confirm?cmd=_limited&id=1412,phishing
https://www.medium.com/docs/getting-started,legitimate
http://tinyurl.com/e557b54,phishing
https://www.wordpress.com/about,legitimate
http://instagram.update.account.com/update/account.php,phishing
http://fedex-webscr.top/account?cmd=_update&id=8947,phishing
http://ow.ly/dcf0gf6,phishing
https://www.amazon.com/,legitimate
http://netflix.suspended.signin.tk/billing/signin.php,phishing
http://bank.confirm.signin.xyz/login/billing.php,phishing
http://60.31.13.49/fedex/unlock.html,phishing
http://whatsapp52-secure-suspended.com@facebook.com/suspended,phishing
https://www.netflix.com/blog/post-1,legitimate
http://118.72.246.81/coinbase/update.html,phishing
https://www.netflix.com/contact,legitimate
https://www.cloudflare.com/search?q=python,legitimate
https://www.bbc.co.uk/,legitimate
https://www.nytimes.com,legitimate
https://www.reddit.com/contact,legitimate
http://bank.verify.webscr.com/login/webscr.php,phishing
http://whatsapp-unlock.com/secure?cmd=_update&id=2757,phishing
http://apple-login.top/verify?cmd=_update&id=2579,phishing
http://119.120.120.197/apple/billing.html,phishing
https://www.ibm.com/news/2024/world,legitimate
https://www.netflix.com/help/faq,legitimate
https://www.github.com/docs/getting-started,legitimate
http://cutt.ly/2i35e5f,phishing
http://www.stackoverflow.com/search?q=python,legitimate
http://www.ibm.com/products,legitimate
http://192.184.177.82/bank/login.html,phishing
http://whatsapp97-unlock-limited.com@microsoft.com/unlock,phishing
http://facebook-billing.com/signin?cmd=_webscr&id=1788,phishing
http://whatsapp-update.info/login?cmd=_suspended&id=9462,phishing
http://rb.gy/8c8feba,phishing
http://cutt.ly/4fhe349,phishing
https://www.dropbox.com/news/2024/world,legitimate
http://bank-login.info/confirm?cmd=_secure&id=1218,phishing
https://www.wikipedia.org/contact,legitimate
http://ow.ly/81e66gc,phishing
http://www.cnn.com/login,legitimate
https://www.medium.com/blog/post-1,legitimate
https://www.stackoverflow.com/user/profile,legitimate
https://www.mozilla.org/about,legitimate
https://www.python.org/user/profile,legitimate
https://www.wikipedia.org/docs/getting-started,legitimate
https://www.amazon.com/blog/post-1,legitimate
http://whatsapp-login.net/unlock?cmd=_update&id=6370,phishing
http://netflix.signin.update.xyz/suspended/verify.php,phishing
http://188.77.112.71/netflix/verify.html,phishing
http://netflix51-account-update.xyz@apple.com/limited,phishing
https://www.wikipedia.org/help/faq,legitimate
http://fedex-signin.net/billing?cmd=_limited&id=2080,phishing
http://bank59-account-login.info@instagram.com/update,phishing
https://www.mozilla.org/,legitimate
https://www.netflix.com/search?q=python,legitimate
http://www.ibm.com/login,legitimate
https://www.cloudflare.com/search?q=python,legitimate
http://ow.ly/8h32146,phishing
http://rb.gy/h7ha3jb,phishing
https://www.nytimes.com/,legitimate
http://facebook-verify.info/limited?cmd=_billing&id=3532,phishing
https://www.mozilla.org,legitimate
http://208.146.52.228/paypal/suspended.html,phishing
http://whatsapp.webscr.update.xyz/account/billing.php,phishing
https://www.amazon.com,legitimate
http://www.google.com/products,legitimate
https://www.wordpress.com,legitimate
https://www.amazon.com/login,legitimate
http://facebook-confirm.info/verify?cmd=_suspended&id=8413,phishing
http://tinyurl.com/0d10567,phishing
http://www.github.com/blog/post-1,legitimate
https://www.amazon.com/about,legitimate
http://amazon.confirm.account.tk/login/limited.php,phishing
https://www.cloudflare.com/contact,legitimate
https://www.adobe.com,legitimate
http://188.1.192.9/netflix/account.html,phishing
https://www.microsoft.com/products,legitimate
https://www.cloudflare.com/contact,legitimate
http://apple.update.billing.xyz/billing/update.php,phishing
http://www.dropbox.com/docs/getting-started,legitimate
http://whatsapp.update.login.tk/secure/limited.php,phishing
https://www.netflix.com/,legitimate
http://fedex18-secure-webscr.com@instagram.com/login,phishing
http://apple.signin.unlock.xyz/account/signin.php,phishing
https://www.medium.com/products,legitimate
http://www.adobe.com/docs/getting-started,legitimate
http://amazon30-account-webscr.xyz@amazon.com/update,phishing
http://netflix.verify.login.com/limited/secure.php,phishing
https://www.dropbox.com,legitimate
https://www.cnn.com/search?q=python,legitimate
https://www.amazon.com/products,legitimate
http://134.40.223.216/instagram/limited.html,phishing
https://www.apple.com/user/profile,legitimate
http://bit.ly/4cbigc9,phishing
http://apple.billing.secure.com/login/update.php,phishing
http://netflix.account.secure.com/secure/unlock.php,phishing
http://facebook-unlock.info/billing?cmd=_limited&id=6017,phishing
https://www.medium.com/blog/post-1,legitimate
https://www.reddit.com/,legitimate
https://www.mozilla.org/about,legitimate
https://www.dropbox.com,legitimate
http://239.73.13.184/microsoft/signin.html,phishing
http://58.203.154.1/paypal/billing.html,phishing
http://bit.ly/9e2bga9,phishing
http://www.cloudflare.com/about,legitimate
http://rb.gy/14feab7,phishing
https://www.stackoverflow.com/about,legitimate
https://www.wikipedia.org/search?q=python,legitimate
http://93.70.86.246/fedex/secure.html,phishing
https://www.reddit.com,legitimate
http://www.cnn.com/contact,legitimate
https://www.wordpress.com/docs/getting-started,legitimate
http://www.stackoverflow.com/login,legitimate
http://instagram-billing.top/signin?cmd=_account&id=7988,phishing
http://200.185.131.21/paypal/billing.html,phishing
http://118.93.201.201/fedex/verify.html,phishing
http://rb.gy/8e537dc,phishing
https://www.github.com/products,legitimate
http://dhl79-confirm-unlock.com@coinbase.com/limited,phishing
https://www.microsoft.com/contact,legitimate
https://www.google.com/blog/post-1,legitimate
https://www.nytimes.com/products,legitimate
https://www.amazon.com/login,legitimate
http://www.microsoft.com/products,legitimate
http://tinyurl.com/fabb7a2,phishing
http://cutt.ly/ga3f3dc,phishing
http://coinbase-confirm.net/limited?cmd=_confirm&id=1666,phishing
https://www.nytimes.com/,legitimate
http://whatsapp-signin.net/webscr?cmd=_webscr&id=7456,phishing
http://instagram-suspended.net/webscr?cmd=_unlock&id=6688,phishing
http://ow.ly/h5b0312,phishing
http://www.cnn.com/products,legitimate
http://netflix49-signin-login.xyz@apple.com/secure,phishing
http://83.123.125.110/fedex/limited.html,phishing
http://netflix-verify.xyz/login?cmd=_unlock&id=2663,phishing
https://www.netflix.com/about,legitimate
http://bank-limited.com/suspended?cmd=_webscr&id=9821,phishing
http://rb.gy/b01845f,phishing
http://apple.signin.billing.com/webscr/unlock.php,phishing
https://www.reddit.com/help/faq,legitimate
http://cutt.ly/0jjii2h,phishing
https://www.oracle.com/docs/getting-started,legitimate
http://www.python.org/about,legitimate
http://facebook-confirm.top/verify?cmd=_signin&id=8013,phishing
http://www.linkedin.com/contact,legitimate
http://67.161.180.26/facebook/update.html,phishing
https://www.apple.com/news/2024/world,legitimate
https://www.github.com/blog/post-1,legitimate
http://coinbase75-secure-webscr.info@dhl.com/secure,phishing
http://netflix35-login-suspended.info@amazon.com/suspended,phishing
http://www.wikipedia.org/,legitimate
http://whatsapp.verify.login.tk/billing/suspended.php,phishing
https://www.oracle.com/news/2024/world,legitimate
https://www.ibm.com/products,legitimate
http://apple.account.webscr.com/login/suspended.php,phishing
https://www.bbc.co.uk/contact,legitimate
http://coinbase83-confirm-unlock.com@dhl.com/login,phishing
http://dhl-webscr.info/account?cmd=_secure&id=4495,phishing
http://apple-unlock.net/signin?cmd=_account&id=1470,phishing
https://www.linkedin.com/user/profile,legitimate
http://146.69.96.66/whatsapp/login.html,phishing
http://53.78.68.110/dhl/billing.html,phishing
http://coinbase26-account-confirm.com@dhl.com/unlock,phishing
https://www.stackoverflow.com,legitimate
http://dhl27-suspended-verify.com@whatsapp.com/confirm,phishing
http://netflix-webscr.info/verify?cmd=_login&id=4732,phishing
https://www.medium.com/,legitimate
http://www.reddit.com/blog/post-1,legitimate
http://paypal-account.com/suspended?cmd=_verify&id=1764,phishing
http://coinbase17-webscr-signin.com@bank.com/suspended,phishing
http://microsoft77-limited-unlock.xyz@fedex.com/billing,phishing
http://bank-update.info/webscr?cmd=_secure&id=1206,phishing
http://bank79-billing-update.xyz@microsoft.com/secure,phishing
http://whatsapp42-account-webscr.xyz@whatsapp.com/login,phishing
https://www.nytimes.com/products,legitimate
http://tinyurl.com/fecg57h,phishing
http://cutt.ly/4i80jib,phishing
http://ow.ly/h66hd4b,phishing
https://www.adobe.com/help/faq,legitimate
https://www.apple.com/search?q=python,legitimate
http://coinbase.login.confirm.xyz/secure/secure.php,phishing
http://219.13.72.27/paypal/limited.html,phishing
http://paypal-secure.top/signin?cmd=_login&id=2742,phishing
http://www.cloudflare.com/login,legitimate
http://247.33.161.65/dhl/limited.html,phishing
http://facebook-confirm.xyz/unlock?cmd=_login&id=2790,phishing
https://www.khanacademy.org/,legitimate
https://www.netflix.com/products,legitimate
https://www.nytimes.com,legitimate
https://www.python.org/login,legitimate
https://www.dropbox.com/products,legitimate
http://paypal-unlock.com/limited?cmd=_suspended&id=6414,phishing
http://coinbase11-update-secure.info@coinbase.com/webscr,phishing
https://www.oracle.com/user/profile,legitimate
http://www.bbc.co.uk/contact,legitimate
https://www.oracle.com/help/faq,legitimate
http://apple.limited.account.com/confirm/verify.php,phishing
http://dhl-webscr.xyz/confirm?cmd=_update&id=4452,phishing
http://microsoft69-update-confirm.info@bank.com/unlock,phishing
http://apple84-account-confirm.info@bank.com/confirm,phishing
http://cutt.ly/h6j4aei,phishing
https://www.python.org/contact,legitimate
http://amazon.suspended.signin.com/confirm/signin.php,phishing
http://www.reddit.com/,legitimate
http://tinyurl.com/aa954h4,phishing
http://www.google.com/news/2024/world,legitimate
https://www.stackoverflow.com/news/2024/world,legitimate
http://fedex.account.login.tk/limited/webscr.php,phishing
http://dhl61-login-unlock.info@paypal.com/confirm,phishing
http://230.97.44.203/bank/verify.html,phishing
http://fedex96-limited-confirm.com@coinbase.com/suspended,phishing
http://whatsapp.secure.suspended.xyz/login/signin.php,phishing
http://www.wordpress.com/,legitimate
https://www.spotify.com/about,legitimate
http://www.python.org/contact,legitimate
http://rb.gy/a16034g,phishing
http://26.217.148.117/dhl/update.html,phishing
https://www.ibm.com/about,legitimate
http://245.208.235.204/amazon/limited.html,phishing
https://www.wikipedia.org/help/faq,legitimate
https://www.netflix.com/user/profile,legitimate
http://www.apple.com/user/profile,legitimate
http://www.python.org/search?q=python,legitimate
http://www.wordpress.com/docs/getting-started,legitimate
http://124.143.172.101/apple/account.html,phishing
http://www.github.com/user/profile,legitimate
https://www.amazon.com/contact,legitimate
https://www.reddit.com/news/2024/world,legitimate
http://bank-login.xyz/webscr?cmd=_confirm&id=6467,phishing
http://www.stackoverflow.com/help/faq,legitimate
https://www.linkedin.com/blog/post-1,legitimate
http://230.64.99.103/coinbase/webscr.html,phishing
http://cutt.ly/gi8a247,phishing
http://www.apple.com/docs/getting-started,legitimate
http://www.wikipedia.org/contact,legitimate
http://123.26.34.26/coinbase/update.html,phishing
http://bank65-signin-update.info@instagram.com/verify,phishing
https://www.nytimes.com/news/2024/world,legitimate
http://ow.ly/43e7ghc,phishing
https://www.amazon.com/contact,legitimate
http://fedex-verify.net/suspended?cmd=_billing&id=5289,phishing
http://instagram-signin.com/unlock?cmd=_limited&id=7355,phishing
http://cutt.ly/9h4ja0i,phishing
https://www.mozilla.org/,legitimate
https://www.spotify.com/user/profile,legitimate
https://www.spotify.com/,legitimate
https://www.linkedin.com/blog/post-1,legitimate
https://www.netflix.com/products,legitimate
https://www.amazon.com/login,legitimate
https://www.spotify.com/docs/getting-started,legitimate
http://ow.ly/aeb3585,phishing
http://netflix.signin.unlock.xyz/account/account.php,phishing
http://facebook.secure.suspended.com/account/confirm.php,phishing
http://dhl-signin.com/update?cmd=_confirm&id=9536,phishing
https://www.wordpress.com/,legitimate
http://coinbase.verify.update.xyz/account/account.php,phishing
http://227.233.149.49/microsoft/verify.html,phishing
http://www.wordpress.com/search?q=python,legitimate
https://www.wordpress.com/help/faq,legitimate
http://bit.ly/6gjba15,phishing
http://netflix87-account-limited.com@instagram.com/confirm,phishing
https://www.medium.com/docs/getting-started,legitimate
https://www.reddit.com/about,legitimate
http://www.wikipedia.org/,legitimate
http://netflix17-signin-webscr.info@whatsapp.com/update,phishing
https://www.khanacademy.org/contact,legitimate
http://187.37.107.89/facebook/signin.html,phishing
https://www.adobe.com/news/2024/world,legitimate
https://www.netflix.com/user/profile,legitimate
http://109.41.151.236/paypal/login.html,phishing
http://microsoft-suspended.xyz/suspended?cmd=_secure&id=5357,phishing
https://www.ibm.com/login,legitimate
http://amazon-webscr.net/unlock?cmd=_limited&id=1746,phishing
https://www.bbc.co.uk/help/faq,legitimate
http://ow.ly/3f5ai1h,phishing
https://www.netflix.com/help/faq,legitimate
https://www.oracle.com/products,legitimate
https://www.oracle.com/login,legitimate
https://www.spotify.com/,legitimate
https://www.github.com,legitimate
http://158.161.111.107/dhl/signin.html,phishing
http://paypal.billing.limited.com/limited/signin.php,phishing
https://www.medium.com/contact,legitimate
http://netflix-account.net/billing?cmd=_limited&id=2784,phishing
http://163.240.39.64/bank/confirm.html,phishing
http://bank74-account-login.com@whatsapp.com/update,phishing
https://www.netflix.com/blog/post-1,legitimate
http://paypal-webscr.net/webscr?cmd=_signin&id=1661,phishing
http://coinbase-signin.net/login?cmd=_confirm&id=1934,phishing
http://www.python.org/about,legitimate
https://www.stackoverflow.com/docs/getting-started,legitimate
http://www.github.com/about,legitimate
https://www.cloudflare.com,legitimate
http://facebook-login.xyz/suspended?cmd=_unlock&id=3719,phishing
https://www.google.com,legitimate
https://www.ibm.com/contact,legitimate
https://www.khanacademy.org/products,legitimate
https://www.mozilla.org/,legitimate
http://www.medium.com/search?q=python,legitimate
http://111.94.24.206/instagram/billing.html,phishing
http://whatsapp-unlock.net/limited?cmd=_update&id=7627,phishing
http://amazon-secure.info/limited?cmd=_webscr&id=7642,phishing
https://www.google.com/search?q=python,legitimate
https://www.github.com/docs/getting-started,legitimate
http://tinyurl.com/6c4d7di,phishing
https://www.amazon.com/products,legitimate
https://www.wikipedia.org/contact,legitimate
http://paypal.update.login.com/unlock/suspended.php,phishing
http://amazon19-signin-login.com@dhl.com/account,phishing
http://apple-confirm.top/webscr?cmd=_webscr&id=5070,phishing
http://whatsapp80-signin-update.com@microsoft.com/signin,phishing
https://www.mozilla.org/help/faq,legitimate
http://www.medium.com/blog/post-1,legitimate
https://www.amazon.com/help/faq,legitimate
https://www.wikipedia.org/help/faq,legitimate
http://instagram23-webscr-confirm.com@apple.com/account,phishing
http://apple-login.com/signin?cmd=_confirm&id=3026,phishing
https://www.cloudflare.com/news/2024/world,legitimate
https://www.adobe.com/contact,legitimate
https://www.khanacademy.org/,legitimate
http://amazon50-signin-verify.com@netflix.com/suspended,phishing
https://www.wikipedia.org/about,legitimate
https://www.bbc.co.uk/login,legitimate
http://www.cloudflare.com/login,legitimate
http://whatsapp1-account-signin.xyz@whatsapp.com/unlock,phishing
http://rb.gy/ej5b7ef,phishing
http://ow.ly/8e10c4h,phishing
https://www.bbc.co.uk/user/profile,legitimate
http://www.reddit.com/blog/post-1,legitimate
https://www.github.com/products,legitimate
http://bit.ly/dcj68g2,phishing
https://www.netflix.com/search?q=python,legitimate
http://www.spotify.com/help/faq,legitimate
https://www.microsoft.com/news/2024/world,legitimate
http://bit.ly/j2104fd,phishing
http://rb.gy/f99c7jg,phishing
https://www.spotify.com,legitimate
https://www.google.com/products,legitimate
http://199.200.171.243/paypal/verify.html,phishing
http://171.79.107.245/paypal/login.html,phishing
https://www.bbc.co.uk,legitimate
https://www.mozilla.org/blog/post-1,legitimate
http://fedex28-suspended-verify.info@bank.com/account,phishing
http://paypal-confirm.top/confirm?cmd=_billing&id=1814,phishing
http://www.medium.com/about,legitimate
https://www.amazon.com/,legitimate
https://www.dropbox.com/search?q=python,legitimate
https://www.spotify.com/login,legitimate
https://www.cnn.com/about,legitimate
https://www.netflix.com/contact,legitimate
http://apple-confirm.info/update?cmd=_login&id=3075,phishing
http://tinyurl.com/jgh4hij,phishing
http://cutt.ly/36g2i0b,phishing
https://www.reddit.com/user/profile,legitimate
http://tinyurl.com/174g015,phishing
http://cutt.ly/ibbaba9,phishing
https://www.amazon.com/contact,legitimate
